<?xml version="1.0" encoding="UTF-8"?>
<tour start="node2" appversion="6.1.6" apprev="17950">
  <panorama id="node2">
    <input leveltileurl="tiles/node2/cf_%c/l_%l/c_%x/tile_%y.jpg" levelingpitch="0.882447" height="1440" width="1440" leveltilesize="510" levelbiashidpi="1.000" overlap="1" levelbias="0.400" levelingroll="0.651077">
      <level height="1440" width="1440" preload="0" predecode="0"/>
      <level height="720" width="720" preload="0" predecode="0"/>
      <level height="360" width="360" preload="1" predecode="1"/>
      <preview strip="1" color="0x808080"/>
    </input>
    <view pannorth="0" fovmode="0">
      <start tilt="0" projection="4" fov="71.74" pan="23.73"/>
      <flyin tilt="-90" projection="9" fov="170" pan="0"/>
      <min tilt="-90" fovpixel="2" pan="0"/>
      <max tilt="90" fovstereographic="270" scaletofit="1" fov="120" fovfisheye="360" pan="360"/>
    </view>
    <userdata description="" info="" latitude="53.920972" nodeid="node2" author="" comment="" source="" heading="0" tags="Фотографии" customnodeid="" title="" copyright="" longitude="27.564225" altitude="245.71" datetime="17.02.2021 15:01"/>
    <hotspots wordwrap="1" height="20" width="180">
      <label enabled="1" wordwrap="1" borderradius="1" bordercolor="0x000000" textalpha="1" textcolor="0x000000" border="1" backgroundcolor="0xffffff" height="20" width="180" backgroundalpha="1" borderalpha="1" background="1"/>
      <polystyle bordercolor="0x0000ff" backgroundcolor="0x0000ff" backgroundalpha="0.25098" borderalpha="1" handcursor="1" mode="0"/>
      <hotspot distance="6.43851" tilt="-25.97" description="" pan="-17.07" url="{node1}" title="" target="" skinid="ht_node" id="Point01"/>
      <hotspot distance="13.6052" tilt="-6.61" description="" pan="-357.01" url="{node7}" title="" target="" skinid="ht_node" id="Point02"/>
      <hotspot distance="2.78681" tilt="-1.98" description="" pan="-220.19" url="{node8}" title="" target="" skinid="ht_node" id="Point03"/>
    </hotspots>
    <media/>
    <transition enabled="1" softedge="0" blendtime="1" zoomfov="20" type="crossdissolve" zoomout="0" zoomspeed="2" zoomin="0" zoomoutpause="1" blendcolor="0x000000"/>
    <flyintransition enabled="1" speed="2.00"/>
    <animation animsequence="Animation01" syncanimationwithvideo="0" useinautorotation="0"/>
    <control invertwheel="0" sensitivity="8" lockedkeyboard="0" lockedmouse="0" simulatemass="1" lockedwheel="0" speedwheel="1" rubberband="0" hideabout="0" lockedkeyboardzoom="0" dblclickfullscreen="0" contextprojections="0" invertcontrol="1" contextfullscreen="1"/>
  </panorama>
  <panorama id="node1">
    <input leveltileurl="tiles/node1/cf_%c/l_%l/c_%x/tile_%y.jpg" levelingpitch="0.159567" height="1440" width="1440" leveltilesize="510" levelbiashidpi="1.000" overlap="1" levelbias="0.400" levelingroll="0.18766">
      <level height="1440" width="1440" preload="0" predecode="0"/>
      <level height="720" width="720" preload="0" predecode="0"/>
      <level height="360" width="360" preload="1" predecode="1"/>
      <preview strip="1" color="0x808080"/>
    </input>
    <view pannorth="0" fovmode="0">
      <start tilt="-10.22" projection="4" fov="78.76" pan="-11.38"/>
      <flyin tilt="-90" projection="9" fov="170" pan="0"/>
      <min tilt="-90" fovpixel="2" pan="0"/>
      <max tilt="90" fovstereographic="270" scaletofit="1" fov="120" fovfisheye="360" pan="360"/>
    </view>
    <userdata description="" info="" latitude="53.921028" nodeid="node1" author="" comment="" source="" heading="0" tags="Фотографии" customnodeid="" title="" copyright="" longitude="27.564200" altitude="252.64" datetime="17.02.2021 15:03"/>
    <hotspots wordwrap="1" height="20" width="180">
      <label enabled="1" wordwrap="1" borderradius="1" bordercolor="0x000000" textalpha="1" textcolor="0x000000" border="1" backgroundcolor="0xffffff" height="20" width="180" backgroundalpha="1" borderalpha="1" background="1"/>
      <polystyle bordercolor="0x0000ff" backgroundcolor="0x0000ff" backgroundalpha="0.25098" borderalpha="1" handcursor="1" mode="0"/>
      <hotspot distance="8.23827" tilt="-31.86" description="" pan="-19.28" url="{node7}" title="" target="" skinid="ht_node" id="Point01"/>
      <hotspot distance="6.43851" tilt="-24.14" description="" pan="-205.51" url="{node2}" title="" target="" skinid="ht_node" id="Point02"/>
      <hotspot distance="9.12127" tilt="0.3" description="" pan="-254.25" url="{node8}" title="" target="" skinid="ht_node" id="Point03"/>
    </hotspots>
    <media/>
    <transition enabled="1" softedge="0" blendtime="1" zoomfov="20" type="crossdissolve" zoomout="0" zoomspeed="2" zoomin="0" zoomoutpause="1" blendcolor="0x000000"/>
    <flyintransition enabled="1" speed="2.00"/>
    <animation animsequence="Animation01" syncanimationwithvideo="0" useinautorotation="0"/>
    <control invertwheel="0" sensitivity="8" lockedkeyboard="0" lockedmouse="0" simulatemass="1" lockedwheel="0" speedwheel="1" rubberband="0" hideabout="0" lockedkeyboardzoom="0" dblclickfullscreen="0" contextprojections="0" invertcontrol="1" contextfullscreen="1"/>
  </panorama>
  <panorama id="node7">
    <input leveltileurl="tiles/node7/cf_%c/l_%l/c_%x/tile_%y.jpg" levelingpitch="0" height="1440" width="1440" leveltilesize="510" levelbiashidpi="1.000" overlap="1" levelbias="0.400" levelingroll="0">
      <level height="1440" width="1440" preload="0" predecode="0"/>
      <level height="720" width="720" preload="0" predecode="0"/>
      <level height="360" width="360" preload="1" predecode="1"/>
      <preview strip="1" color="0x808080"/>
    </input>
    <view pannorth="0" fovmode="0">
      <start tilt="0" projection="4" fov="93.8" pan="81.1"/>
      <flyin tilt="-90" projection="9" fov="170" pan="0"/>
      <min tilt="-90" fovpixel="2" pan="0"/>
      <max tilt="90" fovstereographic="270" scaletofit="1" fov="120" fovfisheye="360" pan="360"/>
    </view>
    <userdata description="" info="" latitude="53.921066" nodeid="node7" author="" comment="" source="" heading="0" tags="Фотографии" customnodeid="" title="" copyright="" longitude="27.564092" altitude="264.24" datetime="17.02.2021 15:05"/>
    <hotspots wordwrap="1" height="20" width="180">
      <label enabled="1" wordwrap="1" borderradius="1" bordercolor="0x000000" textalpha="1" textcolor="0x000000" border="1" backgroundcolor="0xffffff" height="20" width="180" backgroundalpha="1" borderalpha="1" background="1"/>
      <polystyle bordercolor="0x0000ff" backgroundcolor="0x0000ff" backgroundalpha="0.25098" borderalpha="1" handcursor="1" mode="0"/>
      <hotspot distance="13.6052" tilt="-16.85" description="" pan="-258.97" url="{node2}" title="" target="" skinid="ht_node" id="Point01"/>
    </hotspots>
    <media/>
    <transition enabled="1" softedge="0" blendtime="1" zoomfov="20" type="crossdissolve" zoomout="0" zoomspeed="2" zoomin="0" zoomoutpause="1" blendcolor="0x000000"/>
    <flyintransition enabled="1" speed="2.00"/>
    <animation animsequence="Animation01" syncanimationwithvideo="0" useinautorotation="0"/>
    <control invertwheel="0" sensitivity="8" lockedkeyboard="0" lockedmouse="0" simulatemass="1" lockedwheel="0" speedwheel="1" rubberband="0" hideabout="0" lockedkeyboardzoom="0" dblclickfullscreen="0" contextprojections="0" invertcontrol="1" contextfullscreen="1"/>
  </panorama>
  <panorama id="node8">
    <input leveltileurl="tiles/node8/cf_%c/l_%l/c_%x/tile_%y.jpg" levelingpitch="-0.305152" height="1440" width="1440" leveltilesize="510" levelbiashidpi="1.000" overlap="1" levelbias="0.400" levelingroll="0.470008">
      <level height="1440" width="1440" preload="0" predecode="0"/>
      <level height="720" width="720" preload="0" predecode="0"/>
      <level height="360" width="360" preload="1" predecode="1"/>
      <preview strip="1" color="0x808080"/>
    </input>
    <view pannorth="0" fovmode="0">
      <start tilt="-27.06" projection="4" fov="86.13" pan="25.06"/>
      <flyin tilt="-90" projection="9" fov="170" pan="0"/>
      <min tilt="-90" fovpixel="2" pan="0"/>
      <max tilt="90" fovstereographic="270" scaletofit="1" fov="120" fovfisheye="360" pan="360"/>
    </view>
    <userdata description="" info="" latitude="53.920947" nodeid="node8" author="" comment="" source="" heading="0" tags="Фотографии" customnodeid="" title="" copyright="" longitude="27.564222" altitude="244.95" datetime="17.02.2021 13:11"/>
    <hotspots wordwrap="1" height="20" width="180">
      <label enabled="1" wordwrap="1" borderradius="1" bordercolor="0x000000" textalpha="1" textcolor="0x000000" border="1" backgroundcolor="0xffffff" height="20" width="180" backgroundalpha="1" borderalpha="1" background="1"/>
      <polystyle bordercolor="0x0000ff" backgroundcolor="0x0000ff" backgroundalpha="0.25098" borderalpha="1" handcursor="1" mode="0"/>
      <hotspot distance="2.78681" tilt="-27.76" description="" pan="-15.7" url="{node2}" title="" target="" skinid="ht_node" id="Point01"/>
      <hotspot distance="9.65232" tilt="0.87" description="" pan="-295.33" url="{node6}" title="" target="" skinid="ht_node" id="Point02"/>
    </hotspots>
    <media/>
    <transition enabled="1" softedge="0" blendtime="1" zoomfov="20" type="crossdissolve" zoomout="0" zoomspeed="2" zoomin="0" zoomoutpause="1" blendcolor="0x000000"/>
    <flyintransition enabled="1" speed="2.00"/>
    <animation animsequence="Animation01" syncanimationwithvideo="0" useinautorotation="0"/>
    <control invertwheel="0" sensitivity="8" lockedkeyboard="0" lockedmouse="0" simulatemass="1" lockedwheel="0" speedwheel="1" rubberband="0" hideabout="0" lockedkeyboardzoom="0" dblclickfullscreen="0" contextprojections="0" invertcontrol="1" contextfullscreen="1"/>
  </panorama>
  <panorama id="node6">
    <input leveltileurl="tiles/node6/cf_%c/l_%l/c_%x/tile_%y.jpg" levelingpitch="-0.329696" height="1440" width="1440" leveltilesize="510" levelbiashidpi="1.000" overlap="1" levelbias="0.400" levelingroll="0.138726">
      <level height="1440" width="1440" preload="0" predecode="0"/>
      <level height="720" width="720" preload="0" predecode="0"/>
      <level height="360" width="360" preload="1" predecode="1"/>
      <preview strip="1" color="0x808080"/>
    </input>
    <view pannorth="0" fovmode="0">
      <start tilt="-9.4" projection="4" fov="86.13" pan="-134.38"/>
      <flyin tilt="-90" projection="9" fov="170" pan="0"/>
      <min tilt="-90" fovpixel="2" pan="0"/>
      <max tilt="90" fovstereographic="270" scaletofit="1" fov="120" fovfisheye="360" pan="360"/>
    </view>
    <userdata description="" info="" latitude="53.920866" nodeid="node6" author="" comment="" source="" heading="0" tags="Фотографии" customnodeid="" title="" copyright="" longitude="27.564169" altitude="243.43" datetime="17.02.2021 13:08"/>
    <hotspots wordwrap="1" height="20" width="180">
      <label enabled="1" wordwrap="1" borderradius="1" bordercolor="0x000000" textalpha="1" textcolor="0x000000" border="1" backgroundcolor="0xffffff" height="20" width="180" backgroundalpha="1" borderalpha="1" background="1"/>
      <polystyle bordercolor="0x0000ff" backgroundcolor="0x0000ff" backgroundalpha="0.25098" borderalpha="1" handcursor="1" mode="0"/>
      <hotspot distance="13.2046" tilt="-22.1" description="" pan="-98.63" url="{node3}" title="" target="" skinid="ht_node" id="Point01"/>
      <hotspot distance="16.3839" tilt="-16.63" description="" pan="-177.23" url="{node5}" title="" target="" skinid="ht_node" id="Point02"/>
      <hotspot distance="9.65232" tilt="-44.36" description="" pan="-332.02" url="{node8}" title="" target="" skinid="ht_node" id="Point03"/>
    </hotspots>
    <media/>
    <transition enabled="1" softedge="0" blendtime="1" zoomfov="20" type="crossdissolve" zoomout="0" zoomspeed="2" zoomin="0" zoomoutpause="1" blendcolor="0x000000"/>
    <flyintransition enabled="1" speed="2.00"/>
    <animation animsequence="Animation01" syncanimationwithvideo="0" useinautorotation="0"/>
    <control invertwheel="0" sensitivity="8" lockedkeyboard="0" lockedmouse="0" simulatemass="1" lockedwheel="0" speedwheel="1" rubberband="0" hideabout="0" lockedkeyboardzoom="0" dblclickfullscreen="0" contextprojections="0" invertcontrol="1" contextfullscreen="1"/>
  </panorama>
  <panorama id="node3">
    <input leveltileurl="tiles/node3/cf_%c/l_%l/c_%x/tile_%y.jpg" levelingpitch="-0.405164" height="1440" width="1440" leveltilesize="510" levelbiashidpi="1.000" overlap="1" levelbias="0.400" levelingroll="0.469909">
      <level height="1440" width="1440" preload="0" predecode="0"/>
      <level height="720" width="720" preload="0" predecode="0"/>
      <level height="360" width="360" preload="1" predecode="1"/>
      <preview strip="1" color="0x808080"/>
    </input>
    <view pannorth="0" fovmode="0">
      <start tilt="-5.65" projection="4" fov="86.13" pan="-179.05"/>
      <flyin tilt="-2.93" projection="4" fov="86.13" pan="-179.39"/>
      <min tilt="-90" fovpixel="2" pan="0"/>
      <max tilt="90" fovstereographic="270" scaletofit="1" fov="120" fovfisheye="360" pan="360"/>
    </view>
    <userdata description="" info="" latitude="53.920925" nodeid="node3" author="" comment="" source="" heading="0" tags="Фотографии" customnodeid="" title="" copyright="" longitude="27.564344" altitude="237.13" datetime="17.02.2021 13:47"/>
    <hotspots wordwrap="1" height="20" width="180">
      <label enabled="1" wordwrap="1" borderradius="1" bordercolor="0x000000" textalpha="1" textcolor="0x000000" border="1" backgroundcolor="0xffffff" height="20" width="180" backgroundalpha="1" borderalpha="1" background="1"/>
      <polystyle bordercolor="0x0000ff" backgroundcolor="0x0000ff" backgroundalpha="0.25098" borderalpha="1" handcursor="1" mode="0"/>
      <hotspot distance="13.2046" tilt="-18.55" description="" pan="-32.41" url="{node6}" title="" target="" skinid="ht_node" id="Point01"/>
    </hotspots>
    <media/>
    <transition enabled="1" softedge="0" blendtime="1" zoomfov="20" type="crossdissolve" zoomout="0" zoomspeed="2" zoomin="0" zoomoutpause="1" blendcolor="0x000000"/>
    <flyintransition enabled="1" speed="2.00"/>
    <animation animsequence="Animation01" syncanimationwithvideo="0" useinautorotation="0"/>
    <control invertwheel="0" sensitivity="8" lockedkeyboard="0" lockedmouse="0" simulatemass="1" lockedwheel="0" speedwheel="1" rubberband="0" hideabout="0" lockedkeyboardzoom="0" dblclickfullscreen="0" contextprojections="0" invertcontrol="1" contextfullscreen="1"/>
  </panorama>
  <panorama id="node5">
    <input leveltileurl="tiles/node5/cf_%c/l_%l/c_%x/tile_%y.jpg" levelingpitch="0.0206221" height="1440" width="1440" leveltilesize="510" levelbiashidpi="1.000" overlap="1" levelbias="0.400" levelingroll="-0.00336808">
      <level height="1440" width="1440" preload="0" predecode="0"/>
      <level height="720" width="720" preload="0" predecode="0"/>
      <level height="360" width="360" preload="1" predecode="1"/>
      <preview strip="1" color="0x808080"/>
    </input>
    <view pannorth="0" fovmode="0">
      <start tilt="-5.32" projection="4" fov="86.13" pan="-148.28"/>
      <flyin tilt="-5.48" projection="4" fov="86.13" pan="-148.06"/>
      <min tilt="-90" fovpixel="2" pan="0"/>
      <max tilt="90" fovstereographic="270" scaletofit="1" fov="120" fovfisheye="360" pan="360"/>
    </view>
    <userdata description="" info="" latitude="53.920722" nodeid="node5" author="" comment="" source="" heading="0" tags="Фотографии" customnodeid="" title="" copyright="" longitude="27.564222" altitude="265.80" datetime="17.02.2021 12:59"/>
    <hotspots wordwrap="1" height="20" width="180">
      <label enabled="1" wordwrap="1" borderradius="1" bordercolor="0x000000" textalpha="1" textcolor="0x000000" border="1" backgroundcolor="0xffffff" height="20" width="180" backgroundalpha="1" borderalpha="1" background="1"/>
      <polystyle bordercolor="0x0000ff" backgroundcolor="0x0000ff" backgroundalpha="0.25098" borderalpha="1" handcursor="1" mode="0"/>
      <hotspot distance="16.3839" tilt="-12.85" description="" pan="-116.03" url="{node6}" title="" target="" skinid="ht_node" id="Point01"/>
      <hotspot distance="23.9446" tilt="-11.77" description="" pan="-138.64" url="{node3}" title="" target="" skinid="ht_node" id="Point02"/>
      <hotspot distance="23.8936" tilt="-21.2" description="" pan="-26.96" url="{node4}" title="" target="" skinid="ht_node" id="Point03"/>
    </hotspots>
    <media/>
    <transition enabled="1" softedge="0" blendtime="1" zoomfov="20" type="crossdissolve" zoomout="0" zoomspeed="2" zoomin="0" zoomoutpause="1" blendcolor="0x000000"/>
    <flyintransition enabled="1" speed="2.00"/>
    <animation animsequence="Animation01" syncanimationwithvideo="0" useinautorotation="0"/>
    <control invertwheel="0" sensitivity="8" lockedkeyboard="0" lockedmouse="0" simulatemass="1" lockedwheel="0" speedwheel="1" rubberband="0" hideabout="0" lockedkeyboardzoom="0" dblclickfullscreen="0" contextprojections="0" invertcontrol="1" contextfullscreen="1"/>
  </panorama>
  <panorama id="node4">
    <input leveltileurl="tiles/node4/cf_%c/l_%l/c_%x/tile_%y.jpg" levelingpitch="-0.604842" height="1440" width="1440" leveltilesize="510" levelbiashidpi="1.000" overlap="1" levelbias="0.400" levelingroll="0.73741">
      <level height="1440" width="1440" preload="0" predecode="0"/>
      <level height="720" width="720" preload="0" predecode="0"/>
      <level height="360" width="360" preload="1" predecode="1"/>
      <preview strip="1" color="0x808080"/>
    </input>
    <view pannorth="0" fovmode="0">
      <start tilt="-5.78" projection="4" fov="86.13" pan="-163.29"/>
      <flyin tilt="-90" projection="9" fov="170" pan="0"/>
      <min tilt="-90" fovpixel="2" pan="0"/>
      <max tilt="90" fovstereographic="270" scaletofit="1" fov="120" fovfisheye="360" pan="360"/>
    </view>
    <userdata description="" info="" latitude="53.920936" nodeid="node4" author="" comment="" source="" heading="0" tags="Фотографии" customnodeid="" title="" copyright="" longitude="27.564189" altitude="237.61" datetime="17.02.2021 12:50"/>
    <hotspots wordwrap="1" height="20" width="180">
      <label enabled="1" wordwrap="1" borderradius="1" bordercolor="0x000000" textalpha="1" textcolor="0x000000" border="1" backgroundcolor="0xffffff" height="20" width="180" backgroundalpha="1" borderalpha="1" background="1"/>
      <polystyle bordercolor="0x0000ff" backgroundcolor="0x0000ff" backgroundalpha="0.25098" borderalpha="1" handcursor="1" mode="0"/>
      <hotspot distance="23.8936" tilt="-16.95" description="" pan="-186.78" url="{node5}" title="" target="" skinid="ht_node" id="Point01"/>
      <hotspot distance="10.2233" tilt="-3.69" description="" pan="-159.78" url="{node3}" title="" target="" skinid="ht_node" id="Point02"/>
    </hotspots>
    <media/>
    <transition enabled="1" softedge="0" blendtime="1" zoomfov="20" type="crossdissolve" zoomout="0" zoomspeed="2" zoomin="0" zoomoutpause="1" blendcolor="0x000000"/>
    <flyintransition enabled="1" speed="2.00"/>
    <animation animsequence="Animation01" syncanimationwithvideo="0" useinautorotation="0"/>
    <control invertwheel="0" sensitivity="8" lockedkeyboard="0" lockedmouse="0" simulatemass="1" lockedwheel="0" speedwheel="1" rubberband="0" hideabout="0" lockedkeyboardzoom="0" dblclickfullscreen="0" contextprojections="0" invertcontrol="1" contextfullscreen="1"/>
  </panorama>
  <masternode>
    <userdata description="" info="" latitude="" nodeid="master" author="" comment="" source="" heading="0" tags="" customnodeid="" title="" copyright="" longitude="" datetime=""/>
  </masternode>
</tour>
